Month ,Level_16_plus,Level_16_64,Level_16_17,Level_18_24,Level_16_24,Level_25_34,Level_35_49,Level_50_64,Level_65_plus,Rate_16_plus,Rate_16_64,Rate_16_17,Rate_18_24,Rate_16_24,Rate_25_34,Rate_35_49,Rate_50_64,Rate_65_plus
Jun-Aug 2001,85,85,13,20,32,20,22,10,*,7.3,7.3,37.3,11.5,15.8,7.6,5,4.1,*
Jul-Sep 2001,82,82,11,18,29,21,20,12,*,7.1,7.1,33.3,10.5,14.3,8.1,4.4,4.8,*
Aug-Oct 2001,80,80,8,21,29,20,19,12,*,6.9,6.9,23.6,12.2,14.1,7.8,4.3,4.9,*
Sep-Nov 2001,80,79,6,21,28,20,21,11,*,6.9,6.9,18.8,13,14,7.7,4.8,4.3,*
Oct-Dec 2001,76,76,6,21,27,18,22,9,*,6.6,6.6,17.9,12.7,13.6,6.9,4.8,3.8,*
Nov-Jan 2002,82,82,8,19,27,20,25,10,*,7.1,7.1,23.1,11.7,13.7,7.7,5.6,3.9,*
Dec-Feb 2002,87,87,8,19,28,21,29,9,*,7.5,7.5,25.5,11.9,14.1,8,6.4,3.7,*
Jan-Mar 2002,89,88,9,22,31,20,28,9,*,7.6,7.6,27.5,13.8,16.1,7.6,6.1,3.7,*
Feb-Apr 2002,84,83,6,21,27,19,26,11,1,7.2,7.2,19.3,12.5,13.6,7.5,5.6,4.6,15.2
Mar-May 2002,79,77,6,17,23,19,23,13,1,6.8,6.8,19.5,10.5,11.9,7.7,5,5.3,15.4
Apr-Jun 2002,75,74,6,17,24,17,21,13,*,6.5,6.5,23.4,10.8,12.5,6.7,4.7,5.1,*
May-Jul 2002,75,75,8,18,26,16,22,11,*,6.5,6.6,24.7,11,13.3,6.3,4.9,4.6,*
Jun-Aug 2002,73,73,9,20,29,13,19,12,*,6.3,6.3,25,11.7,14,5.3,4.2,4.8,*
Jul-Sep 2002,73,72,10,18,27,12,20,13,*,6.2,6.2,27.8,10.2,13.2,5,4.3,5.1,*
Aug-Oct 2002,69,68,9,19,28,11,19,11,*,5.9,5.9,30.3,10.8,13.6,4.4,4,4.6,*
Sep-Nov 2002,77,76,8,22,31,11,22,13,*,6.6,6.7,28.6,13.4,15.7,4.8,4.7,5,*
Oct-Dec 2002,79,79,8,22,30,12,24,14,*,6.9,6.9,26.6,13.5,15.5,4.9,5.2,5.4,*
Nov-Jan 2003,73,73,8,20,27,11,20,14,*,6.4,6.5,26.6,13,15.1,4.4,4.4,5.7,*
Dec-Feb 2003,77,76,7,23,30,15,18,13,*,6.7,6.7,26.6,14.6,16.3,6,4.1,5.1,*
Jan-Mar 2003,78,78,6,25,31,15,19,13,*,6.9,6.9,24.8,15.7,17,6.3,4.1,5.2,*
Feb-Apr 2003,80,80,6,27,33,17,17,13,*,7,7,26.5,16.8,18,7.3,3.7,4.9,*
Mar-May 2003,75,75,5,25,30,16,15,13,*,6.5,6.6,22.4,15.3,16.2,6.9,3.3,5.2,*
Apr-Jun 2003,69,69,7,23,30,16,11,12,*,6,6.1,29.6,13.8,15.9,6.5,2.5,4.8,*
May-Jul 2003,74,74,7,27,34,15,14,10,*,6.4,6.4,26.2,15.3,16.8,6.5,3.1,4,*
Jun-Aug 2003,73,73,10,24,35,13,15,10,*,6.2,6.3,31.2,13.5,16.2,5.6,3.3,4,*
Jul-Sep 2003,77,77,11,27,38,15,14,11,*,6.6,6.6,30.1,15.3,17.8,6.2,3,4.2,*
Aug-Oct 2003,77,77,14,24,38,13,16,10,*,6.6,6.6,33.1,13.8,17.6,5.6,3.5,4,*
Sep-Nov 2003,73,73,13,22,35,16,14,9,*,6.2,6.2,29.9,13,16.4,6.4,3,3.4,*
Oct-Dec 2003,71,71,9,21,30,14,18,9,*,6,6.1,23.6,12.2,14.4,5.8,3.9,3.5,*
Nov-Jan 2004,73,73,6,22,28,15,17,12,*,6.2,6.2,16.7,13.1,13.7,6.3,3.6,4.9,*
Dec-Feb 2004,69,69,6,22,28,12,16,13,*,5.8,5.9,16.2,13.3,13.8,5.1,3.4,4.9,*
Jan-Mar 2004,66,66,6,22,28,13,13,12,*,5.6,5.7,17.3,13,13.7,5.4,2.8,4.7,*
Feb-Apr 2004,65,65,7,21,28,12,12,14,*,5.5,5.6,22.5,12,13.7,4.9,2.6,5.3,*
Mar-May 2004,63,63,7,19,26,12,11,13,*,5.4,5.5,24.4,11.2,13.3,5,2.4,5.2,*
Apr-Jun 2004,63,63,8,18,26,12,14,11,*,5.4,5.5,26.5,10.4,12.8,5,3,4.4,*
May-Jul 2004,64,64,8,21,29,13,13,9,*,5.4,5.5,24.7,11.7,13.7,5.2,2.8,3.5,*
Jun-Aug 2004,72,72,10,23,33,14,16,9,*,6,6.1,26.1,12.3,14.6,5.7,3.5,3.5,*
Jul-Sep 2004,71,71,11,25,36,14,13,8,*,6,6,28.1,13.2,15.7,5.9,2.8,3.3,*
Aug-Oct 2004,71,71,11,23,33,16,15,8,*,6,6.1,30.3,12.4,15.3,6.4,3.2,3.1,*
Sep-Nov 2004,76,76,11,24,35,15,16,10,*,6.4,6.5,31.3,13.4,16.2,5.9,3.4,4.1,*
Oct-Dec 2004,73,73,9,23,32,14,17,11,*,6.2,6.2,26.1,12.4,14.5,5.8,3.6,4.2,*
Nov-Jan 2005,65,65,7,17,24,13,16,12,*,5.4,5.5,22.1,9.3,11.1,5.4,3.4,4.5,*
Dec-Feb 2005,63,62,6,16,22,14,15,11,*,5.2,5.2,18.7,8.8,10.2,5.7,3.2,4.3,*
Jan-Mar 2005,67,66,6,18,25,13,17,11,*,5.6,5.6,23,10.3,12,5.4,3.6,4.3,*
Feb-Apr 2005,70,69,7,21,28,12,18,11,*,5.9,5.9,25.9,11.5,13.6,4.9,3.9,4.3,*
Mar-May 2005,76,75,8,25,34,11,18,12,*,6.3,6.3,29.5,14,16.1,4.6,3.9,4.5,*
Apr-Jun 2005,80,79,9,29,38,12,16,13,1,6.7,6.6,30.4,15.5,17.6,4.8,3.5,5,11
May-Jul 2005,81,80,10,31,42,13,14,12,2,6.8,6.7,32.4,16.9,19.1,5.3,3,4.3,12.7
Jun-Aug 2005,83,82,12,33,45,13,15,9,*,6.9,6.9,38.1,17.3,20.3,5.1,3.4,3.4,*
Jul-Sep 2005,81,81,14,29,43,13,17,8,*,6.8,6.7,40.1,15.5,19.3,5.3,3.7,2.9,*
Aug-Oct 2005,80,80,12,29,42,12,18,8,*,6.6,6.7,36.2,15.7,18.9,5.1,3.8,3,*
Sep-Nov 2005,74,73,9,26,36,13,15,9,*,6.2,6.2,27.5,14.6,16.6,5.5,3.3,3.3,*
Oct-Dec 2005,75,75,10,25,35,13,17,10,*,6.3,6.3,30.8,13.9,16.4,5.4,3.6,3.6,*
Nov-Jan 2006,78,78,10,27,37,13,17,11,*,6.5,6.6,30.9,15.3,17.6,5.2,3.8,4,*
Dec-Feb 2006,82,82,9,25,34,13,23,12,*,6.7,6.8,30.5,13.6,15.9,5.4,4.9,4.2,*
Jan-Mar 2006,79,78,7,25,31,12,23,11,*,6.4,6.5,24.7,13.3,14.8,5,4.9,4,*
Feb-Apr 2006,75,74,8,21,29,13,22,10,*,6.1,6.1,27.5,11.3,13.5,5.2,4.8,3.6,*
Mar-May 2006,70,70,7,19,27,11,24,8,*,5.7,5.8,26.8,10.7,12.9,4.2,5.2,3,*
Apr-Jun 2006,73,72,8,22,30,12,24,6,*,5.9,6,28.9,11.9,14.2,4.7,5.1,2.3,*
May-Jul 2006,82,82,8,24,32,14,27,9,*,6.7,6.7,28.6,13,15.1,5.7,5.7,3.1,*
Jun-Aug 2006,87,86,10,31,41,14,23,9,*,7,7,33,15.7,18.1,5.5,4.8,3.1,*
Jul-Sep 2006,86,86,11,28,40,13,21,12,*,7,7,34.4,14.8,17.7,5.1,4.5,4.2,*
Aug-Oct 2006,84,83,13,25,38,13,22,10,*,6.8,6.8,38.2,13.5,17.3,5.5,4.6,3.6,*
Sep-Nov 2006,82,81,13,20,33,16,21,11,*,6.6,6.7,39.4,11.1,15.6,6.7,4.4,4,*
Oct-Dec 2006,78,78,11,17,28,19,20,11,*,6.4,6.4,31.5,9.6,13.3,7.5,4.2,4,*
Nov-Jan 2007,74,73,9,18,27,17,17,12,*,6,6,27.2,10,12.7,6.9,3.6,4.1,*
Dec-Feb 2007,78,78,9,20,29,17,18,14,*,6.4,6.4,26.5,11.6,14,6.8,3.8,4.8,*
Jan-Mar 2007,81,81,10,21,31,17,18,14,*,6.6,6.7,31.8,12.2,15.3,6.9,3.9,4.8,*
Feb-Apr 2007,80,80,9,22,31,17,17,16,*,6.6,6.6,28.4,12.9,15.3,6.6,3.6,5.3,*
Mar-May 2007,77,76,8,25,33,14,16,13,*,6.2,6.2,26.7,14.3,16,5.5,3.5,4.3,*
Apr-Jun 2007,76,75,7,29,35,12,15,12,1,6.2,6.1,23.8,16.1,17.2,4.9,3.2,4.1,12
May-Jul 2007,82,81,10,30,39,12,15,15,1,6.7,6.6,32.5,16.3,18.6,4.7,3.3,5,11
Jun-Aug 2007,78,77,10,27,37,12,15,13,1,6.3,6.2,29.5,14,16.4,4.8,3.2,4.5,8.6
Jul-Sep 2007,82,81,12,26,38,10,19,13,*,6.5,6.5,34.9,13.8,17.1,4.1,4,4.6,*
Aug-Oct 2007,72,71,10,24,34,9,18,10,*,5.8,5.8,32,12.9,15.7,3.5,3.9,3.4,*
Sep-Nov 2007,72,71,9,24,33,10,19,9,*,5.8,5.9,35.3,13.4,16.2,4.2,4.1,3.1,*
Oct-Dec 2007,66,65,7,21,28,12,19,6,*,5.3,5.3,28.5,11.7,13.9,4.7,4.1,2,*
Nov-Jan 2008,67,67,7,20,27,12,23,5,*,5.4,5.5,26.1,11.6,13.4,4.8,4.9,1.7,*
Dec-Feb 2008,70,70,7,19,26,14,22,8,*,5.7,5.7,25.5,11.4,13.4,5.5,4.6,2.6,*
Jan-Mar 2008,78,77,8,21,29,16,22,10,*,6.3,6.4,27.3,13,15.2,6.3,4.7,3.4,*
Feb-Apr 2008,88,87,9,24,33,20,21,13,*,7.1,7.1,30.8,14.2,16.6,8.3,4.3,4.3,*
Mar-May 2008,89,88,8,25,33,21,20,13,*,7.2,7.3,28.9,14.8,16.8,8.6,4.3,4.5,*
Apr-Jun 2008,92,91,9,25,35,22,22,12,*,7.4,7.5,34.1,14.9,17.6,8.9,4.7,4,*
May-Jul 2008,93,92,10,24,34,23,23,11,*,7.4,7.5,36.1,14.4,17.4,9.3,4.9,3.7,*
Jun-Aug 2008,101,100,14,31,45,20,24,12,*,8.1,8.1,44.8,16.9,21,7.9,5,4,*
Jul-Sep 2008,107,106,11,36,48,21,25,13,*,8.4,8.5,37.2,18.9,21.4,8.5,5.2,4.3,*
Aug-Oct 2008,105,104,11,37,48,19,26,12,*,8.3,8.4,37,19.3,21.8,7.4,5.4,4,*
Sep-Nov 2008,103,102,8,35,43,18,27,13,*,8.2,8.2,27,19.4,20.5,7.3,5.7,4.4,*
Oct-Dec 2008,99,98,8,33,40,16,28,13,*,7.9,7.9,25.2,18.2,19.2,6.4,5.9,4.5,*
Nov-Jan 2009,100,100,8,32,40,18,27,15,*,8,8.1,27.9,17.7,19.1,7.1,5.8,4.9,*
Dec-Feb 2009,97,97,8,29,37,19,28,13,*,7.8,7.9,32.1,16.7,18.7,7.6,5.9,4.3,*
Jan-Mar 2009,101,100,10,28,38,18,29,14,*,8.1,8.2,35.5,16.8,19.4,7.4,6.3,4.6,*
Feb-Apr 2009,101,101,6,29,36,21,28,16,*,8.2,8.3,24,17.9,18.7,8.3,6.2,5.1,*
Mar-May 2009,112,112,8,32,40,23,31,19,*,9.1,9.2,31.1,18.9,20.4,9.2,6.7,6,*
Apr-Jun 2009,118,118,8,35,43,25,31,19,*,9.7,9.9,36.2,20.6,22.4,10.1,6.8,6.3,*
May-Jul 2009,120,120,11,37,48,22,33,17,*,9.8,9.9,49.3,20.7,24,8.8,7.2,5.6,*
Jun-Aug 2009,124,123,12,43,55,19,31,17,*,9.9,10,43.9,22.7,25.5,7.7,6.9,5.7,*
Jul-Sep 2009,126,125,11,46,58,19,32,17,*,10,10.2,42.5,24.6,26.8,7.5,7,5.5,*
Aug-Oct 2009,126,126,12,51,62,16,28,20,*,10.1,10.3,43.8,27.5,29.6,6.3,6.2,6.4,*
Sep-Nov 2009,125,124,11,48,59,19,28,18,*,9.9,10,38.8,25.5,27.1,7.7,6,5.9,*
Oct-Dec 2009,114,113,8,41,50,20,25,18,*,9,9.2,34.9,21.6,23.1,8,5.5,6,*
Nov-Jan 2010,115,115,7,35,43,24,26,21,*,9.2,9.3,29.9,20.2,21.4,9.4,5.7,6.9,*
Dec-Feb 2010,115,115,6,32,37,26,29,23,*,9.2,9.4,27.2,19.2,20.1,9.8,6.3,7.1,*
Jan-Mar 2010,119,118,5,33,38,29,27,23,2,9.5,9.6,24.4,20.4,20.9,11.1,6,7.1,6
Feb-Apr 2010,119,118,6,34,40,29,28,21,2,9.5,9.6,29.1,20.2,21.1,10.9,6.1,6.5,6.5
Mar-May 2010,122,121,6,36,42,31,27,21,*,9.7,9.7,31.7,21,22.1,11.5,5.8,6.5,*
Apr-Jun 2010,119,119,7,35,41,28,26,23,*,9.5,9.6,31.4,19.9,21.1,10.5,5.9,7.1,*
May-Jul 2010,120,120,8,36,44,27,30,20,*,9.4,9.6,33.6,19.5,21.1,10,6.6,6.2,*
Jun-Aug 2010,121,121,11,35,46,25,29,22,*,9.4,9.6,38.9,18.4,21.1,9.3,6.3,6.7,*
Jul-Sep 2010,119,119,12,33,45,23,30,21,*,9.3,9.5,38.7,17.8,20.8,8.4,6.7,6.7,*
Aug-Oct 2010,124,123,11,37,48,27,28,20,*,9.8,10,34.9,21.4,23.5,10.1,6.2,6.4,*
Sep-Nov 2010,118,117,8,36,44,23,31,19,2,9.5,9.6,28.3,20.9,21.9,8.7,6.9,6.2,5.3
Oct-Dec 2010,121,119,7,37,44,24,31,20,2,9.7,9.8,30.5,21.6,22.7,9.1,6.9,6.3,5.8
Nov-Jan 2011,122,121,5,37,42,26,32,21,*,9.7,9.9,22.9,20.9,21.1,9.8,7.1,6.7,*
Dec-Feb 2011,125,124,5,37,42,30,31,21,*,10,10.2,23.1,22,22.2,11.2,7,6.7,*
Jan-Mar 2011,127,126,5,35,40,36,28,22,*,10.2,10.4,24.6,20.9,21.3,13.6,6.4,6.8,*
Feb-Apr 2011,113,112,4,30,34,35,25,18,*,9.1,9.3,25.7,18.1,18.8,13,5.6,5.8,*
Mar-May 2011,120,119,6,30,37,34,29,20,*,9.7,9.9,37.1,18,19.7,12.6,6.5,6.4,*
Apr-Jun 2011,125,124,8,35,42,28,34,20,*,10,10.2,41.5,19.4,21.5,10.7,7.6,6.3,*
May-Jul 2011,138,138,9,39,48,30,38,21,*,11,11.2,43.4,21.1,23.4,11.2,8.6,6.8,*
Jun-Aug 2011,145,144,9,43,52,33,39,20,1,11.5,11.7,36.4,21.7,23.3,12.7,8.9,6.4,5.6
Jul-Sep 2011,151,150,12,43,56,36,36,22,2,11.9,12.1,45.6,22,24.8,13.8,8.3,6.9,5.3
Aug-Oct 2011,149,148,10,43,53,35,38,22,*,11.8,12,37.4,21.7,23.6,13.6,8.7,7,*
Sep-Nov 2011,151,150,11,39,50,35,41,23,*,11.9,12.1,39.9,21.1,23.5,13.6,9.4,7.1,*
Oct-Dec 2011,138,137,9,36,45,33,40,19,*,10.8,11,35.3,19,21,12.4,8.9,6,*
Nov-Jan 2012,132,132,10,35,44,33,32,22,*,10.5,10.6,41.4,19.2,21.7,12.1,7.3,7,*
Dec-Feb 2012,137,136,10,40,49,32,29,26,*,10.9,11,38,22,24,12.1,6.4,8,*
Jan-Mar 2012,143,142,9,44,53,35,30,24,*,11.2,11.4,36.7,23.9,25.5,13.1,6.9,7.3,*
Feb-Apr 2012,138,137,8,41,49,33,32,23,*,10.9,11.1,39.7,22.3,24.1,12.4,7.3,7,*
Mar-May 2012,134,133,10,40,50,32,30,22,*,10.6,10.8,52.5,22.6,25.3,11.8,6.9,6.6,*
Apr-Jun 2012,127,127,9,37,46,26,29,25,*,10.2,10.4,46,21.9,24.3,9.8,6.8,7.6,*
May-Jul 2012,133,132,12,38,50,26,28,28,*,10.5,10.7,48.7,21.6,24.9,9.4,6.6,8.4,*
Jun-Aug 2012,130,129,13,37,50,24,27,28,*,10.1,10.2,47,20.3,23.9,8.9,6.1,8.2,*
Jul-Sep 2012,127,126,13,37,51,25,25,25,*,9.9,10,45.2,20.8,24.2,9.1,5.7,7.7,*
Aug-Oct 2012,121,121,12,35,48,24,25,23,*,9.5,9.7,47.2,20.3,23.8,8.8,5.8,7,*
Sep-Nov 2012,115,114,10,34,44,23,23,24,*,9,9.2,42.3,19.5,22.3,8.5,5.2,7.2,*
Oct-Dec 2012,118,118,11,39,49,22,21,26,*,9.3,9.5,43.4,22.2,24.8,8,4.8,7.8,*
Nov-Jan 2013,120,120,10,40,49,24,22,25,*,9.6,9.7,42.4,24.4,26.6,8.7,5,7.5,*
Dec-Feb 2013,124,123,9,40,49,26,25,22,*,9.9,10,41.9,24.3,26.4,9.8,5.8,6.5,*
Jan-Mar 2013,122,121,10,39,49,26,28,19,*,9.8,9.9,48.8,23.8,26.5,9.6,6.3,5.8,*
Feb-Apr 2013,123,121,9,36,45,27,29,20,2,9.8,9.9,47.1,22.3,24.8,9.8,6.7,6,6.4
Mar-May 2013,127,125,8,41,49,29,28,19,2,10.1,10.3,52,25.6,27.8,10.7,6.4,5.8,4.1
Apr-Jun 2013,127,125,8,42,50,32,26,17,1,10.1,10.3,45.3,26.2,28.1,11.6,6,5.1,4.3
May-Jul 2013,133,132,10,46,57,32,24,20,*,10.4,10.7,51.6,26.5,29.1,11.7,5.6,5.8,*
Jun-Aug 2013,132,132,11,47,58,32,23,19,*,10.5,10.7,50.6,26.2,28.8,11.6,5.3,5.9,*
Jul-Sep 2013,132,132,9,46,55,31,25,21,*,10.3,10.5,49.8,24.2,26.5,11.1,5.7,6.3,*
Aug-Oct 2013,129,129,8,43,51,30,25,22,*,10,10.2,44.7,22.9,24.8,10.7,5.8,6.6,*
Sep-Nov 2013,129,129,9,40,49,30,25,25,*,10.1,10.3,43.6,21.9,24,11.3,5.7,7.2,*
Oct-Dec 2013,122,122,9,40,49,27,24,23,*,9.6,9.8,42.1,22.3,24.4,10,5.5,6.6,*
Nov-Jan 2014,118,118,9,40,49,24,25,21,*,9.3,9.5,41.5,22,24.1,8.9,5.7,6.1,*
Dec-Feb 2014,118,118,7,40,48,20,29,21,*,9.2,9.4,39,22.1,23.7,7.5,6.6,6,*
Jan-Mar 2014,131,131,9,43,51,22,29,28,*,10.1,10.3,43.9,22.9,24.9,8.1,6.8,8,*
Feb-Apr 2014,126,126,8,40,48,25,24,28,*,9.8,9.9,40.6,22,23.8,8.9,5.6,7.9,*
Mar-May 2014,124,124,9,38,47,23,25,29,*,9.6,9.8,51,21,23.8,8.2,5.7,8.2,*
Apr-Jun 2014,119,119,10,34,44,23,26,26,*,9.2,9.4,56.7,18.7,22.1,8.3,5.9,7.4,*
May-Jul 2014,129,129,11,43,54,26,26,24,*,10.1,10.3,49.2,23.1,25.9,9.4,6,6.9,*
Jun-Aug 2014,124,123,14,41,56,20,26,22,*,9.6,9.7,57.4,20.8,24.9,7.4,6.1,6.2,*
Jul-Sep 2014,122,121,14,40,54,19,28,20,*,9.4,9.6,60,20.4,24.7,6.9,6.8,5.7,*
Aug-Oct 2014,118,117,14,34,48,18,31,20,*,9,9.2,64.8,18.4,23.1,6.5,7.2,5.5,*
Sep-Nov 2014,109,108,10,35,45,19,26,18,*,8.4,8.6,50.8,19.4,22.5,7,6.1,4.9,*
Oct-Dec 2014,98,98,8,34,42,19,24,13,*,7.7,7.8,37,19.6,21.5,6.9,5.6,3.6,*
Nov-Jan 2015,96,95,7,33,41,17,26,11,*,7.5,7.6,36.4,19.3,21.1,6.1,6.1,3.2,*
Dec-Feb 2015,98,97,7,35,42,18,25,11,*,7.7,7.8,34,21,22.4,6.6,6,3.2,*
Jan-Mar 2015,97,96,7,35,42,19,24,11,*,7.7,7.8,41.2,21.3,23.2,6.9,5.7,3.2,*
Feb-Apr 2015,95,94,5,34,39,21,24,11,*,7.5,7.7,33.7,20.6,21.8,7.6,5.7,3,*
Mar-May 2015,96,95,6,29,34,22,26,13,*,7.7,7.8,33.5,18.5,20,8.1,6.1,3.8,*
Apr-Jun 2015,103,102,4,32,36,28,25,13,*,8.2,8.4,25.1,20.9,21.3,10,6,3.7,*
May-Jul 2015,111,110,4,38,42,29,23,15,2,8.9,9,29.6,23.4,23.9,10.4,5.7,4.1,4.9
Jun-Aug 2015,114,112,4,40,44,29,24,15,2,8.9,9.1,27.8,22.6,23,10.4,5.9,4.1,5.1
Jul-Sep 2015,113,111,7,37,44,28,24,16,2,8.9,9,37.8,20.8,22.3,10.1,5.8,4.4,5.2
Aug-Oct 2015,114,113,6,36,42,30,24,17,*,8.8,9,38.2,19.5,21.1,10.8,5.7,4.8,*
Sep-Nov 2015,103,101,6,31,37,29,18,16,2,7.9,8,40.8,18,19.9,10.2,4.4,4.3,5
Oct-Dec 2015,102,100,6,31,37,25,21,17,2,7.8,7.9,39.5,17.4,19.1,8.8,5.1,4.4,4.3
Nov-Jan 2016,98,96,6,31,37,20,21,17,2,7.5,7.6,41.4,17.9,19.8,7.1,5.1,4.6,5
Dec-Feb 2016,102,100,5,29,35,19,27,19,2,7.8,7.9,37.2,16.9,18.4,7,6.5,5,5.5
Jan-Mar 2016,102,100,4,32,37,17,27,19,2,7.9,8,30.6,18.3,19.2,6.2,6.4,5.2,5.4
Feb-Apr 2016,93,91,3,28,31,16,25,19,2,7.2,7.3,24.7,15.7,16.3,5.7,6.2,5,5
Mar-May 2016,95,94,4,30,34,16,26,18,*,7.4,7.5,27.3,16.8,17.6,5.9,6.4,4.8,*
Apr-Jun 2016,99,99,5,31,36,16,27,20,*,7.6,7.8,29,16.9,17.9,5.7,6.5,5.4,*
May-Jul 2016,100,100,6,36,42,12,27,19,*,7.7,7.9,30.1,19.3,20.4,4.1,6.6,5.2,*
Jun-Aug 2016,90,90,7,34,40,12,23,15,*,7,7.2,29.8,18.3,19.6,4.2,5.5,4.3,*
Jul-Sep 2016,82,82,4,31,35,13,20,14,*,6.4,6.5,23.2,16.9,17.5,4.7,5,3.8,*
Aug-Oct 2016,85,85,5,33,38,14,20,13,*,6.5,6.7,24.5,17.8,18.5,5,4.8,3.6,*
Sep-Nov 2016,86,85,6,28,34,21,15,16,*,6.7,6.8,25.3,14.9,16,7.3,3.8,4.4,*
Oct-Dec 2016,86,86,5,28,33,22,13,18,*,6.7,6.9,21.6,15.2,16,7.7,3.2,5,*
Nov-Jan 2017,85,84,5,27,32,23,12,18,*,6.6,6.7,20,14.3,14.9,8.1,2.9,5.2,*
Dec-Feb 2017,81,81,2,24,27,21,14,19,*,6.3,6.5,11.8,13.7,13.5,7.6,3.5,5.4,*
Jan-Mar 2017,75,75,6,21,27,16,16,17,*,5.8,6,32.5,11.5,13.5,5.8,3.8,4.7,*
Feb-Apr 2017,68,68,5,15,21,16,13,19,*,5.3,5.4,33.2,8.5,10.6,5.5,3.1,5.3,*
Mar-May 2017,76,76,6,23,29,13,12,21,*,5.9,6,37.5,13.2,15.2,4.7,3,5.6,*
Apr-Jun 2017,79,79,5,25,30,16,13,20,*,6.1,6.2,31.4,14,15.4,5.7,3.2,5.3,*
May-Jul 2017,80,80,7,23,30,15,15,20,*,6.3,6.4,37,13.6,15.9,5.3,3.8,5.3,*
Jun-Aug 2017,77,77,6,26,32,14,16,16,*,6,6.1,30.6,13.9,15.5,4.8,3.9,4.3,*
Jul-Sep 2017,73,73,7,24,31,13,14,14,*,5.6,5.7,33.1,12.8,14.9,4.6,3.5,3.9,*
Aug-Oct 2017,77,77,9,24,33,16,15,13,*,5.9,6,36,13.6,16.4,5.4,3.7,3.4,*
Sep-Nov 2017,66,66,11,15,26,13,14,14,*,5.1,5.2,42.9,9.1,13.4,4.5,3.3,3.7,*
Oct-Dec 2017,66,66,10,17,27,11,13,16,*,5.1,5.3,43.6,10.2,14.1,3.8,3.3,4.1,*
Nov-Jan 2018,64,64,9,17,26,11,13,14,*,5,5.1,46.6,10.4,14.3,3.9,3.2,3.6,*
Dec-Feb 2018,61,61,8,20,28,8,12,14,*,4.7,4.8,41.6,12.1,15.4,2.8,2.8,3.5,*
Jan-Mar 2018,62,61,6,21,27,10,12,12,*,4.8,4.8,32.7,13.3,15.2,3.5,2.9,3.1,*
Feb-Apr 2018,57,56,3,22,25,8,12,11,*,4.4,4.4,18.6,14,14.4,2.9,2.8,2.9,*
Mar-May 2018,60,59,2,21,23,10,16,9,*,4.8,4.8,17.4,14.2,14.5,3.6,4.1,2.4,*
Apr-Jun 2018,55,55,4,18,21,11,17,5,*,4.4,4.5,25.7,12.5,13.7,3.9,4.2,1.4,*
May-Jul 2018,58,57,5,17,22,13,17,5,*,4.7,4.7,36.8,12,14.2,4.9,4.2,1.3,*
Jun-Aug 2018,58,57,7,15,23,15,15,4,*,4.6,4.7,39.3,10.3,13.6,5.6,3.6,1.1,*
Jul-Sep 2018,65,65,9,16,25,17,15,7,*,5.1,5.2,44.7,11,14.9,6.2,3.6,2,*
Aug-Oct 2018,72,72,7,24,31,17,15,9,*,5.6,5.8,41.2,14.6,17.1,5.9,3.6,2.4,*
Sep-Nov 2018,69,68,6,26,32,15,11,10,*,5.4,5.4,35.2,15.6,17.5,5.3,2.6,2.7,*
Oct-Dec 2018,68,67,5,24,29,17,11,11,*,5.3,5.4,27.5,14.5,15.7,5.7,2.8,2.8,*
Nov-Jan 2019,64,62,3,20,23,16,13,10,*,4.9,5,22.3,11.3,12.2,5.6,3.2,2.7,*
Dec-Feb 2019,71,69,3,21,24,21,14,10,*,5.6,5.6,24.1,12.5,13.2,7.3,3.6,2.8,*
Jan-Mar 20192,69,67,2,22,24,17,15,11,*,5.4,5.5,26.4,12.8,13.5,6.4,3.7,3,*
Feb-Apr 2019,69,68,2,21,24,18,14,13,*,5.5,5.6,28.3,13.6,14.3,6.6,3.5,3.4,*
Mar-May 2019,68,67,*,17,17,18,15,17,*,5.4,5.6,*,10.6,10.7,6.7,3.8,4.4,*
Apr-Jun 2019,66,66,2,17,19,20,12,15,*,5.3,5.4,21.8,11.4,11.8,7.2,3,4,*
May-Jul 2019,63,63,3,16,19,19,8,17,*,5.1,5.2,24.5,10.4,11.4,7,2.1,4.4,*
Jun-Aug 2019,76,75,5,25,30,22,7,16,*,5.9,6.1,33.3,15.5,17,8.2,1.8,4.1,*
Jul-Sep 2019,76,75,5,25,30,22,6,16,*,5.9,6,36.8,15.5,17.2,8,1.6,4.2,*
Aug-Oct 2019,79,77,4,26,30,23,9,16,3,6.2,6.2,30.1,16.5,17.5,8.1,2.1,4.1,6.1
Sep-Nov 2019,78,75,4,22,26,22,11,16,3,6.1,6.1,26.2,14.5,15.6,7.7,2.9,4.2,6.3
Oct-Dec 2019,77,74,5,24,29,15,13,17,2,6,6,28.8,15.9,17.1,5.5,3.3,4.4,6.6
Nov-Jan 2020,79,77,5,28,33,15,13,17,*,6.1,6.2,36.2,16.9,18.6,5.2,3.2,4.3,*
Dec-Feb 2020,72,71,5,25,31,12,12,17,2,5.6,5.7,30.9,15.6,17.1,4.2,2.9,4.3,4.1
Jan-Mar 2020,74,70,7,25,31,11,11,18,3,5.7,5.7,34.4,15.9,18,3.9,2.6,4.6,8.2
Feb-Apr 2020,67,64,8,21,29,14,7,14,3,5.2,5.1,41.4,12.8,15.9,5.2,1.7,3.6,7.3
Mar-May 2020,63,61,7,23,30,12,10,10,2,4.9,4.9,34.6,13.6,15.7,4.4,2.4,2.5,4.9
Apr-Jun 2020,65,63,4,24,29,13,12,10,2,5.1,5.1,27.6,14,15.2,5.2,3,2.5,4.7
May-Jul 2020,69,67,4,26,31,12,13,11,2,5.4,5.4,28,15.5,16.5,4.7,3.2,2.9,4.7
Jun-Aug 2020,90,88,5,34,39,17,14,18,2,7,7.1,43.3,19.5,20.9,6.6,3.3,4.8,4.5
Jul-Sep 2020,89,88,4,29,33,20,15,20,*,6.9,7.1,33.8,16.8,17.8,7.5,3.6,5.4,*
Aug-Oct 2020,88,87,2,30,32,19,14,21,*,6.9,7,20,17.1,17.3,7.2,3.6,5.5,*
Sep-Nov 2020,80,78,*,29,29,18,11,20,2,6.3,6.3,*,16.7,16.1,6.6,2.8,5.2,5.8
Oct-Dec 2020,81,79,*,25,26,19,13,20,2,6.4,6.4,*,14.8,15,6.9,3.2,5.3,6
Nov-Jan 2021,77,76,3,26,29,16,12,20,*,6.1,6.2,32.6,16.2,17,5.6,3,5.1,*
Dec-Feb 2021,75,74,6,21,27,11,12,25,*,5.9,6,48.1,13.3,15.8,3.8,3.1,6.3,*
Jan-Mar 2021,76,75,5,20,25,9,15,26,*,5.9,6,50,12.6,15.1,3,3.7,6.7,*
Feb-Apr 2021,79,77,5,16,20,16,16,25,*,6.2,6.3,39.8,10.5,12.6,5.9,4.1,6.2,*
Mar-May 2021,70,69,4,15,19,17,16,18,*,5.6,5.6,35.2,10.1,11.9,5.9,4,4.7,*
Apr-Jun 2021,70,68,3,17,20,15,17,16,2,5.6,5.7,24.7,12.2,13.2,5.4,4.4,4.2,4.6
May-Jul 2021,64,62,3,16,19,15,16,13,*,5.1,5.1,25,11,12.2,5.3,4,3.3,*
Jun-Aug 2021,69,67,2,17,19,17,16,15,*,5.5,5.5,18.1,11.8,12.3,5.8,4,4.1,*
Jul-Sep 2021,67,66,3,18,22,15,12,17,*,5.4,5.5,20.1,13.2,14,5.1,3.1,4.6,*
Aug-Oct 2021,71,69,4,19,24,12,14,20,*,5.7,5.7,24.8,13.5,14.7,4.2,3.6,5.3,*
Sep-Nov 2021,74,73,7,19,26,12,17,18,*,5.9,6,32.6,13.4,15.9,4.5,4.3,4.7,*
Oct-Dec 2021,71,70,8,21,29,12,16,13,*,5.6,5.7,35.9,13.2,16,4.5,4,3.4,*
Nov-Jan 2022,72,70,12,23,35,9,15,11,*,5.6,5.7,42.6,14.5,18.8,3.2,3.9,3,*
Dec-Feb 2022,69,67,10,23,34,6,15,12,2,5.5,5.5,41.2,14.7,18.3,2.3,3.9,3.1,4.7
Jan-Mar 2022,66,64,8,18,27,10,14,13,1,5.2,5.3,36.7,11.6,14.8,3.8,3.6,3.4,3.1
Feb-Apr 2022,67,65,6,20,26,13,13,13,2,5.3,5.3,29.1,12.7,14.6,4.7,3.2,3.5,3.9
Mar-May 2022,61,60,4,22,26,15,11,8,1,4.9,4.9,20.5,14.1,14.8,5.3,2.8,2.2,3.3
Apr-Jun 2022,64,63,5,22,27,17,11,8,2,5.1,5.1,26.8,15,16.4,5.9,2.7,2.3,3.4
May-Jul 2022,58,57,3,16,20,20,10,8,*,4.6,4.7,19.2,11.1,12,6.9,2.4,2.2,*
Jun-Aug 2022,60,59,5,20,24,21,7,7,1,4.8,4.8,25.4,13,14.3,7.3,1.7,1.9,3.6
Jul-Sep 2022,56,55,5,19,24,19,5,7,1,4.4,4.5,23.3,12.7,13.9,6.5,1.2,1.8,3.5
Aug-Oct 2022,63,62,4,22,26,24,5,6,1,5,5,20.5,14.4,15.1,8.2,1.3,1.7,3.6
Sep-Nov 2022,63,62,4,18,22,28,4,8,*,4.9,5.1,17.5,12.2,12.9,9.6,0.9,2.3,*
Oct-Dec 2022,60,59,3,18,21,26,6,6,*,4.7,4.9,16.8,11.8,12.4,9.1,1.6,1.7,*
Nov-Jan 2023,58,58,5,19,25,21,4,8,*,4.5,4.7,24.5,11.6,13.1,7.6,1,2.1,*
Dec-Feb 2023,60,59,5,24,30,20,4,7,*,4.6,4.8,26.2,13.8,15,7.1,1,1.7,*
Jan-Mar 2023,61,60,5,25,30,21,*,8,*,4.6,4.7,27,14.1,15.3,7.3,*,2.1,*
Feb-Apr 2023,53,52,4,23,27,17,*,6,*,4,4.1,28.3,12.6,13.7,5.9,*,1.5,*
Mar-May 2023,47,47,*,18,18,15,7,7,*,3.6,3.7,*,9.8,9.5,5.3,1.6,1.8,*
Apr-Jun 2023,56,55,2,24,26,15,*,9,*,4.2,4.3,13.6,13.4,13.4,5.3,*,2.3,*
May-Jul 2023,66,65,3,28,31,13,9,13,*,5,5.1,15.3,16.9,16.8,4.6,2,3.4,*
Jun-Aug 2023,61,60,3,22,24,13,10,13,*,4.8,4.9,19.4,13.4,13.9,4.6,2.4,3.6,*
Jul-Sep 2023,61,60,6,20,26,13,12,9,*,4.7,4.8,41,12.1,14.3,4.8,2.8,2.5,*
Aug-Oct 2023,51,50,8,7,15,18,6,11,*,4,4.1,39.8,4.7,8.5,6.4,1.5,3,*
Sep-Nov 2023,55,54,8,13,21,20,3,10,*,4.3,4.3,43.4,7.4,10.9,7.3,0.7,2.9,*
Oct-Dec 2023,50,49,*,15,17,18,4,10,*,3.9,4,*,7.7,8.6,6.7,0.9,2.8,*
Nov-Jan 2024,48,47,*,16,17,15,5,10,*,3.8,3.8,*,8.6,8.8,5.7,1.2,2.9,*
Dec-Feb 2024,45,45,*,17,18,12,*,10,*,3.6,3.7,*,9.3,9.4,4.8,*,3,*
Jan-Mar 2024,58,57,*,22,23,14,8,12,*,4.5,4.7,*,12.1,12.1,5.5,1.9,3.4,*
Feb-Apr 2024,54,53,*,20,21,14,8,10,*,4.2,4.3,*,10.6,10.8,5.6,1.9,2.8,*
Mar-May 2024,59,59,*,21,21,14,13,12,*,4.7,4.8,*,11.6,11.2,5.3,3,3.3,*
Apr-Jun 2024,62,62,*,18,18,16,13,15,*,4.9,5.1,*,10.4,10.1,6.2,3.1,4.1,*
May-Jul 2024,76,75,*,25,27,19,14,16,*,6,6.1,*,14.5,14.9,7.3,3.2,4.3,*
Jun-Aug 2024,80,77,5,25,30,17,16,15,*,6.2,6.2,49.3,14,15.8,6.3,3.9,3.9,*
Jul-Sep 2024,75,71,7,26,33,16,13,9,*,5.7,5.6,56.4,14.8,17.5,5.9,3,2.3,*
Aug-Oct 2024,69,66,7,20,27,13,15,10,*,5.4,5.3,53.6,12.8,16.1,4.8,3.7,2.7,*
Sep-Nov 2024,69,69,15,18,33,15,10,11,*,5.3,5.5,56.6,12.1,18.5,5.3,2.3,3,*
Oct-Dec 2024,61,61,13,13,26,12,9,15,*,4.8,4.9,55.3,8.7,15.2,4.3,2.1,3.8,*
Nov-Jan 2025,57,57,10,12,22,14,9,11,*,4.4,4.6,49.8,8.2,13.6,5.3,2.3,2.8,*
Dec-Feb 2025,57,56,7,13,20,16,8,12,*,4.5,4.6,42.4,9.3,13,5.8,2,3.1,*
Jan-Mar 2025,63,62,6,13,19,23,8,12,*,5,5.1,44,10.3,13.5,8.3,1.9,3.1,*
Feb-Apr 2025,61,61,7,12,19,24,6,11,*,4.9,5,48.9,9.4,13.6,8.8,1.6,2.8,*
Mar-May 2025,54,54,4,11,15,20,8,11,*,4.3,4.5,36.6,8.7,10.9,7.3,2,2.8,*
Apr-Jun 2025,61,60,4,14,18,20,8,14,*,4.8,5,35.7,10.8,12.9,7.4,2,3.5,*
May-Jul 2025,66,66,6,21,27,20,6,14,*,5.2,5.4,41.7,15,17.6,7.2,1.4,3.5,*
Jun-Aug 2025,82,80,8,27,35,24,6,14,*,6.3,6.4,47.5,18.3,21.2,8.9,1.5,3.6,*
Jul-Sep 2025,81,80,8,33,42,18,9,11,*,6.2,6.4,46.7,21,23.6,6.7,2.2,2.9,*
Aug-Oct 2025,79,77,7,35,42,14,9,12,*,5.9,6,32.4,21.9,23.1,5.1,2.2,3,*
Sep-Nov 2025,84,83,4,37,42,16,11,14,1,6.4,6.5,26.3,22.6,23,5.7,2.7,3.5,2.7
Oct-Dec 2025,91,89,6,39,45,19,12,14,1,6.9,7,35.9,23.5,24.6,6.5,2.9,3.5,3
Nov-Jan 2026,94,93,4,40,43,20,17,14,*,7,7.2,26.4,23.3,23.5,6.6,4,3.4,*
Dec-Feb 2026,77,77,4,33,37,14,17,8,*,5.7,5.9,23.2,19.1,19.4,5,4.1,2.1,*
,,,,,,,,,,,,,,,,,,
Change on year,19,20,-4,21,17,-2,9,-4,*,1.2,1.4,-19.1,9.8,6.4,-0.8,2.1,-1,*
Percentage change on year,33.9,36.2,-49.9,167.4,87.7,-11.1,110.4,-33.2,*,,,,,,,,,
,,,,,,,,,,,,,,,,,,
,,,,,,,,,,,,,,,,,,
,,,,,,,,,,,,,,,,,,
,,,,,,,,,,,,,,,,,,
1 Denominator = all economically active people in the relevant age group,,,,,,,,,,,,,,,,,,
"2 Data from January to March 2019 has been reweighted, causing a step change discontinuity",,,,,,,,,,,,,,,,,,
,,,,,,,,,,,,,,,,,,
Quality indicator,,,,,,,,,,,,,,,,,,
"Shaded estimates are based on a small sample size. This may result in a less precise estimates, which should be used with caution.",,,,,,,,,,,,,,,,,,
"Unshaded estimates are based on a larger sample size. This is likely to result in estimates of higher precision, although they will still be subject to some sampling variability.",,,,,,,,,,,,,,,,,,
* Estimate has been suppressed on disclosure grounds.,,,,,,,,,,,,,,,,,,
,,,,,,,,,,,,,,,,,,
Relationship between columns: 1=2+9; 2=3+4+6+7+8; 5=3+4,,,,,,,,,,,,,,,,,,
